FY2024,Unnamed: 1,Unnamed: 2,Unnamed: 3,Unnamed: 4,Unnamed: 5,Unnamed: 6,Unnamed: 7,Unnamed: 8,Unnamed: 9,Unnamed: 10,Unnamed: 11,Unnamed: 12,Unnamed: 13,Unnamed: 14,Unnamed: 15,Unnamed: 16,Unnamed: 17,Unnamed: 18,Unnamed: 19,Unnamed: 20,Unnamed: 21
,Distribution yield,,,,,,,,,,,,,,,,,,,,
,,2018,2019.0,2020.0,2021.0,2022.0,2023.0,2024.0,,,,,,,,,,,,Expected return,
,Dividends,-7124,-7230.0,-7700.0,-7681.0,-7618.0,-7829.0,-7816.0,,,,,,,,,,,,,
,Dividends to non-controlling interest,-319,-463.0,-268.0,-302.0,-284.0,-323.0,-174.0,,,,,,,,,,,,dividend,
,Share repurchase,-6854,-9773.0,-6814.0,-6548.0,-10679.0,-5234.0,-4678.0,,,,,,,,,,,,rate of growth of ernings,0.0
,Bond issuance,9900,57.0,10330.0,11339.0,10936.0,9806.0,7992.0,,,,,,,,,,,,ER,
,Bond repayment,-2712,-3287.0,-3182.0,-4474.0,-3283.0,-3589.0,-5055.0,,,,,,,,,,,,,
,Inflows (outflows) from current financial debt,3520,-444.0,-2747.0,-885.0,148.0,-2537.0,2396.0,,,,,,,,,,,,,
,Interest paid (net),-1008,-1216.0,-983.0,-953.0,-1250.0,-1644.0,-1539.0,,,,,,,,,,,,,
,Outflows,-4350,-22356.0,-11364.0,-9504.0,-12030.0,-11350.0,-8874.0,,,,,,,,,,,,,
,,,,,,,,,,,,,,,,,,,,,
,Market Cap,315500,303433.0,317978.0,226182.0,259400.0,240600.0,261650.0,,,,,,,,,,,,,
,Debt,40394,37164.0,27928.0,36482.0,43420.0,45825.0,51697.0,,,,,,,,,,,,,
,Cash,4500,7469.0,8609.0,6988.0,5511.0,4816.0,5556.0,,,,,,,,,,,,,
,Enterprise  Value,351394,333128.0,337297.0,255676.0,297309.0,281609.0,307791.0,,,,,,,,,,,,,
,,,,,,,,,,,,,,,,,,,,,
,Distribution yield (%),1.24,6.710933935304148,3.369137584977038,3.717204587055492,4.046295268558974,4.030410959876993,2.883125237580046,,,,,,,,,,,,,
,,,,,,,,,,,,,,,,,,,,,
,,,,,,,,,,,,,,,,,,,,,
,,,,,,,,,,,,,,,,,,,,,
,,,,,,,,,,,,,,,,,,,,,
,,,,,,,,,,,,,,,,,,,,,
,,,,,,,,,,,,,,,,,,,,,
,Tax rate,See the corresponding sheet,,,,,,,,,,,,,,,,,,,
,,,,,,,,,,,,,,,,,,,,,
,,,,,,,,,,,,,,,,,,,,,
,,,,,,,,,,,,,,,,,,,,,
,,,,,,,,,,,,,,,,,,,,,
,ROIC,,,,,,,,,,,,,,,,,,,,
,,,,,,,,,,,,,,,,,,,,,
,INVESTED CAPITAL,,,,,,,,,,,,,,,,,,,,
,,,,,,,,,,,,,,,,,,,,,
,,2008,2009.0,2010.0,2011.0,2012.0,2013.0,2014.0,2015.0,2016.0,2017.0,2018.0,2019.0,2020.0,2021.0,2022.0,2023.0,2024.0,,,
,P & LB,4888,4955.0,5094.0,5505.0,6161.0,5960.0,6161.0,5830.0,5610.0,5644.0,6745.0,6223.0,5245.0,5549.0,6377.0,7032.0,6280.0,,,
,Water,4233,4076.0,3624.0,3215.0,3018.0,2841.0,2632.0,2428.0,2408.0,2590.0,3199.0,3342.0,3209.0,1745.0,1455.0,1432.0,1365.0,,,
,MP & IC,5349,5301.0,5288.0,5643.0,6052.0,5812.0,5265.0,4831.0,4166.0,3491.0,3585.0,3295.0,2356.0,2526.0,2834.0,2907.0,3052.0,,,
,N & HS,2891,3136.0,3692.0,4116.0,4782.0,6213.0,6799.0,7183.0,7168.0,7073.0,6732.0,5445.0,4712.0,5122.0,5906.0,6153.0,5668.0,,,
,PD & CA,3749,3577.0,3809.0,3911.0,4275.0,4155.0,4159.0,3881.0,3308.0,3105.0,3299.0,3258.0,2988.0,2665.0,2943.0,3169.0,3034.0,,,
,Confect. ,2856,2975.0,3081.0,3425.0,3865.0,3508.0,3335.0,3114.0,2902.0,3026.0,2449.0,2693.0,2596.0,2540.0,2431.0,2483.0,2618.0,,,
,PetCare,2928,3049.0,3045.0,2914.0,3106.0,3060.0,3159.0,3488.0,3602.0,3940.0,4349.0,4244.0,4698.0,5714.0,7354.0,8604.0,9753.0,,,
,Untd. items ,874,955.0,973.0,1341.0,1659.0,1756.0,1671.0,1529.0,1432.0,1584.0,1916.0,1679.0,1781.0,1623.0,1700.0,1433.0,1483.0,,,
,TOTAL,27768,28024.0,28606.0,30070.0,32918.0,33305.0,33181.0,32284.0,30596.0,30353.0,32274.0,30179.0,27585.0,27484.0,31000.0,33213.0,33253.0,,,
,,,,,,,,,,,,,,,,,,,,,
,GOODWILL AND INTANGIBLE CAPITAL,,,,,,,,,,,,,,,,,,,,
,,,,,,,,,,,,,,,,,,,,,
,,2008,2009.0,2010.0,2011.0,2012.0,2013.0,2014.0,2015.0,2016.0,2017.0,2018.0,2019.0,2020.0,2021.0,2022.0,2023.0,2024.0,,,
,P & LB,505,490.0,432.0,393.0,413.0,477.0,648.0,642.0,578.0,831.0,4224.0,8300.0,7519.0,7174.0,7016.0,6587.0,6398.0,,,
,Water,2308,2236.0,1959.0,1678.0,1682.0,1621.0,1532.0,1481.0,1496.0,1502.0,1461.0,1464.0,1313.0,1156.0,1093.0,1087.0,1075.0,,,
,MP & IC,4657,4613.0,4579.0,4397.0,5336.0,5220.0,4874.0,3933.0,3478.0,3073.0,2886.0,2818.0,1336.0,904.0,1050.0,1191.0,1171.0,,,
,N & HS,9863,9790.0,10038.0,9762.0,11475.0,18648.0,21578.0,27552.0,27650.0,27191.0,25762.0,23960.0,19242.0,24035.0,26075.0,23806.0,23085.0,,,
,PD & CA,3796,3683.0,6285.0,6308.0,6451.0,6373.0,6099.0,5565.0,5571.0,5590.0,5560.0,5345.0,5275.0,6325.0,6258.0,5611.0,5304.0,,,
,Confect. ,899,888.0,850.0,1023.0,2104.0,2071.0,1964.0,1886.0,1787.0,1749.0,1623.0,1242.0,717.0,753.0,757.0,682.0,1180.0,,,
,PetCare,10452,10280.0,9956.0,9141.0,9252.0,9185.0,9182.0,9626.0,10038.0,10095.0,10172.0,10202.0,9786.0,9690.0,9759.0,9385.0,9170.0,,,
,Unallocated items ,2427,2417.0,2389.0,2184.0,2151.0,2146.0,2176.0,2088.0,2084.0,1900.0,1968.0,2015.0,1975.0,1929.0,1836.0,1678.0,1602.0,,,
,TOTAL,34907,34397.0,36488.0,34886.0,38864.0,45741.0,48053.0,52773.0,52592.0,51931.0,53656.0,55346.0,47163.0,51966.0,53844.0,50027.0,48985.0,,,
,,,,,,,,,,,,,,,,,,,,,
,TRADING PROFIT,,,,,,,,,,,,,,,,,,,,
,,,,,,,,,,,,,,,,,,,,,
,,2008,2009.0,2010.0,2011.0,2012.0,2013.0,2014.0,2015.0,2016.0,2017.0,2018.0,2019.0,2020.0,2021.0,2022.0,2023.0,2024.0,,,
,P & LB,4176,4185.0,4150.0,4129.0,4445.0,4649.0,4685.0,4100.0,4111.0,4319.0,4572.0,4701.0,4851.0,5406.0,5358.0,4945.0,4499.0,,,
,Water,575,633.0,513.0,520.0,636.0,678.0,710.0,796.0,906.0,915.0,603.0,667.0,522.0,257.0,241.0,161.0,259.0,,,
,MP & IC,2357,2345.0,2409.0,2251.0,2704.0,2632.0,2701.0,2471.0,2640.0,2333.0,2412.0,1678.0,2615.0,2642.0,2508.0,2601.0,2393.0,,,
,N & HS,1798,1734.0,1906.0,1820.0,1778.0,2228.0,2723.0,2909.0,2775.0,2539.0,2826.0,3092.0,2490.0,243.0,1323.0,2291.0,2771.0,,,
,PD & CA,2302,2226.0,1884.0,2016.0,2029.0,1876.0,1808.0,1724.0,1817.0,1938.0,2044.0,1857.0,2147.0,1931.0,1508.0,1849.0,2000.0,,,
,Confect. ,1619,1599.0,1443.0,1524.0,1765.0,1630.0,1344.0,1246.0,1190.0,1243.0,1291.0,1241.0,874.0,1093.0,1259.0,1231.0,1190.0,,,
,PetCare,1962,2108.0,2176.0,2008.0,2144.0,2163.0,2246.0,2386.0,2535.0,2621.0,2572.0,2741.0,3089.0,3241.0,3241.0,3862.0,4047.0,,,
,Product EBIT,14789,14830.0,14481.0,14268.0,15501.0,15856.0,16217.0,15632.0,15974.0,15908.0,16320.0,16260.0,16561.0,14813.0,15438.0,16940.0,17159.0,,,
,EBIT,13103,13083.0,12676.0,12538.0,13464.0,14047.0,14019.0,13382.0,13693.0,13277.0,13789.0,13674.0,14233.0,12159.0,13195.0,14520.0,14633.0,,,
,,,,,,,,,,,,,,,,,,,,,
,,,,,,,,,,,,,,,,,,,,,
,After tax ROIC excluding goodwill,,,,,,,,,,,,,,,,,,,,
,,,,,,,,,,,,,,,,,,,,,
,,2008,2009.0,2010.0,2011.0,2012.0,2013.0,2014.0,2015.0,2016.0,2017.0,2018.0,2019.0,2020.0,2021.0,2022.0,2023.0,2024.0,,,
,P & LB,,,,,,,,,,,,,,,,,,,,
,Water,,,,,,,,,,,,,,,,,,,,
,MP & IC,,,,,,,,,,,,,,,,,,,,
,N & HS,,,,,,,,,,,,,,,,,,,,
,PD & CA,,,,,,,,,,,,,,,,,,,,
,Confect. ,,,,,,,,,,,,,,,,,,,,
,PetCare,,,,,,,,,,,,,,,,,,,,
,,,,,,,,,,,,,,,,,,,,,
,,,,,,,,,,,,,,,,,,,,,
,After tax ROIC including goodwill,,,,,,,,,,,,,,,,,,,,
,,,,,,,,,,,,,,,,,,,,,
,,2008,2009.0,2010.0,2011.0,2012.0,2013.0,2014.0,2015.0,2016.0,2017.0,2018.0,2019.0,2020.0,2021.0,2022.0,2023.0,2024.0,,,
,P & LB,,,,,,,,,,,,,,,,,,,,
,Water,,,,,,,,,,,,,,,,,,,,
,MP & IC,,,,,,,,,,,,,,,,,,,,
,N & HS,,,,,,,,,,,,,,,,,,,,
,PD & CA,,,,,,,,,,,,,,,,,,,,
,Confect. ,,,,,,,,,,,,,,,,,,,,
,PetCare,,,,,,,,,,,,,,,,,,,,
,,,,,,,,,,,,,,,,,,,,,
,,,,,,,,,,,,,,,,,,,,,
,Growth Capex over NOPAT,,,,,,,,,,,,,,,,,,,,
,,,,,,,,,,,,,,,,,,,,,
,,,2016.0,2017.0,2018.0,,,,,,,,,,,,,,,,
,1,Depreciation charges,3132.0,3227.0,3924.0,,,,,,,,,,,,,,,,
,2,Capex,4080.0,3934.0,3869.0,,,,,,,,,,,,,,,,
,3,Intangible asset acquisition,682.0,769.0,601.0,,,,,,,,,,,,,,,,
,4,Acquisition of businesses,585.0,696.0,9512.0,,,,,,,,,,,,,,,,
,5,Disposals,271.0,140.0,4310.0,,,,,,,,,,,,,,,,
,6=2+3+4-5,Net capex,5.076,5259.0,9672.0,,,,,,,,,,,,,,,,
,7=6-1,Growth capex,1944.0,2032.0,5748.0,,,,,,,,,,,,,,,,
,8,NOPAT,13693.0,13233.0,13789.0,,,,,,,,,,,,,,,,
,9=7/8 × 100,Growth capex/ nopat (%),14.197034981377346,15.35555051764528,41.68540140691856,,,,,,,,,,,,,,,,
,,,,,,,,,,,,,,,,,,,,,
,,,,,,,,,,,,,,,,,,,,,
,,,,,,,,,,,,,,,,,,,,,
,,,,,,,,,,,,,,,,,,,,,
,Shares of invested capital,,,,,,,,,,,,,,,,,,,,
,,,,,,,,,,,,,,,,,,,,,
,,,,,,,,,,,,,,,,,,,,,
,TOTAL INVESTED CAPITAL,,,,,,,,,,,,,,,,,,,,
,,,,,,,,,,,,,,,,,,,,,
,,2008,2009.0,2010.0,2011.0,2012.0,2013.0,2014.0,2015.0,2016.0,2017.0,2018.0,2019.0,2020.0,2021.0,2022.0,2023.0,2024.0,,,
,P & LB,5393,5445.0,5526.0,5898.0,6574.0,6437.0,6809.0,6472.0,6188.0,6475.0,10969.0,14523.0,12764.0,12723.0,13393.0,13619.0,12678.0,,,
,Water,6541,6312.0,5583.0,4893.0,4700.0,4462.0,4164.0,3909.0,3904.0,4092.0,4660.0,4806.0,4522.0,2901.0,2548.0,2519.0,2440.0,,,
,MP & IC,10006,9914.0,9867.0,10040.0,11388.0,11032.0,10139.0,8764.0,7644.0,6564.0,6471.0,6113.0,3692.0,3430.0,3884.0,4098.0,4223.0,,,
,N & HS,12754,12926.0,13730.0,13878.0,16257.0,24861.0,28377.0,34735.0,34818.0,34264.0,32494.0,29405.0,23954.0,29157.0,31981.0,29959.0,28753.0,,,
,PD & CA,7545,7260.0,10094.0,10219.0,10726.0,10528.0,10258.0,9446.0,8879.0,8695.0,8859.0,8603.0,8263.0,8990.0,9201.0,8780.0,8338.0,,,
,Confect. ,3755,3863.0,3931.0,4448.0,5969.0,5579.0,5299.0,5000.0,4689.0,4775.0,4072.0,3935.0,3313.0,3293.0,3188.0,3165.0,3798.0,,,
,PetCare,13380,13329.0,13001.0,12055.0,12358.0,12245.0,12341.0,13114.0,13640.0,14035.0,14521.0,14446.0,14484.0,15404.0,17113.0,17989.0,18923.0,,,
,TOTAL,59374,59049.0,61732.0,61431.0,67972.0,75144.0,77387.0,81440.0,79762.0,78900.0,82046.0,81831.0,70992.0,75898.0,81308.0,80129.0,79153.0,,,
,,,,,,,,,,,,,,,,,,,,,
,,,,,,,,,,,,,,,,,,,,,
,SHARES,,,,,,,,,,,,,,,,,,,,
,,2008,2009.0,2010.0,2011.0,2012.0,2013.0,2014.0,2015.0,2016.0,2017.0,2018.0,2019.0,2020.0,2021.0,2022.0,2023.0,2024.0,,,
,P & LB,9.083100346953211,9.221155311690291,8.95159722672196,9.60101577379499,9.671629494497735,8.566219525178324,8.798635429723339,7.946954813359529,7.7580802888593565,8.206590621039291,13.369329400580163,17.747552883381605,17.979490646833447,16.763287570159953,16.471933881044915,16.99634339627351,16.017080843429813,,,
,Water,11.016606595479503,10.689427424681197,9.043931834380873,7.96503394051863,6.914611899017242,5.937932502927712,5.380748704562782,4.799852652259332,4.894561319926782,5.186311787072243,5.679740633303268,5.873079884151483,6.369731800766283,3.822235105009355,3.1337629753529788,3.1436808146863187,3.0826374237236744,,,
,MP & IC,16.85249435779971,16.789446053277786,15.983606557377051,16.343539906561833,16.753957511916674,14.68114553390823,13.101683745331904,10.761296660117878,9.583510945061558,8.319391634980988,7.887038978134217,7.470274101501875,5.200585981519044,4.519223167935913,4.776897722241354,5.114253266607595,5.33523681982995,,,
,N & HS,21.480782834237207,21.89029450117699,22.24130110801529,22.591199882795333,23.91720120049432,33.08447780261897,36.66894956517244,42.65103143418468,43.65236578821995,43.42712294043093,39.60461204690052,35.933814813457005,33.74183006535948,38.41603204300509,39.33315294927928,37.388461106465826,36.32584993619951,,,
,PD & CA,12.707582443493784,12.29487374892039,16.351325082615176,16.634923735573246,15.780027069969988,14.010433301394656,13.255456342796593,11.598722986247543,11.131867305233069,11.020278833967048,10.79760134558662,10.513130720631546,11.639339643903538,11.844844396426783,11.316229645299355,10.95733130327347,10.534029032380326,,,
,Confect. ,6.324317041129114,6.542024420396619,6.3678481176699275,7.240643974540542,8.781557111751898,7.424411796018311,6.847403310633569,6.139489194499018,5.878739249266568,6.051964512040557,4.963069497598908,4.808691082841466,4.666723011043498,4.3387177527734595,3.920893393024057,3.9498808171822932,4.7983020226649655,,,
,PetCare,22.535116380907468,22.57277853985673,21.060390073219722,19.623642786215427,18.181015712352146,16.295379537953796,15.947122901779368,16.10265225933202,17.10087510343271,17.788339670468947,17.6986080978963,17.653456514035025,20.402298850574713,20.295659964689452,21.047129433758055,22.450049295510986,23.90686392177176,,,
,,,,,,,,,,,,,,,,,,,,,
,,,,,,,,,,,,,,,,,,,,,
,,,,,,,,,,,,,,,,,,,,,
,,,,,,,,,,,,,,,,,,,,,
,,,,,,,,,,,,,,,,,,,,,
,,,,,,,,,,,,,,,,,,,,,
,,,,,,,,,,,,,,,,,,,,,
,,,,,,,,,,,,,,,,,,,,,
,EV/EBIT,,,,,,,,,,,,,,,,,,,,
,,,,,,,,,,,,,,,,,,,,,
,,Enterprise Value/EBIT,,,,,,,,,,,,,,,,,,,
,1991,7.57098,,,,,,,,,,,,,,,,,,,
,1992,9.873338,,,,,,,,,,,,,,,,,,,
,1993,9.779838,,,,,,,,,,,,,,,,,,,
,1994,9.608508,,,,,,,,,,,,,,,,,,,
,1995,10.17222,,,,,,,,,,,,,,,,,,,
,1996,10.534592,,,,,,,,,,,,,,,,,,,
,1997,12.681979,,,,,,,,,,,,,,,,,,,
,1998,17.384569,,,,,,,,,,,,,,,,,,,
,1999,14.687875,,,,,,,,,,,,,,,,,,,
,2000,15.843991,,,,,,,,,,,,,,,,,,,
,2001,15.767525,,,,,,,,,,,,,,,,,,,
,2002,12.545337,,,,,,,,,,,,,,,,,,,
,2003,13.210476,,,,,,,,,,,,,,,,,,,
,2004,12.555197,,,,,,,,,,,,,,,,,,,
,2005,14.278041,,,,,,,,,,,,,,,,,,,
,2006,13.669169,,,,,,,,,,,,,,,,,,,
,2007,14.154591,,,,,,,,,,,,,,,,,,,
,2008,13.393901,,,,,,,,,,,,,,,,,,,
,2009,14.711187,,,,,,,,,,,,,,,,,,,
,2010,15.495185,,,,,,,,,,,,,,,,,,,
,2011,14.373544,,,,,,,,,,,,,,,,,,,
,2012,15.057705,,,,,,,,,,,,,,,,,,,
,2013,15.623298,,,,,,,,,,,,,,,,,,,
,2014,16.982463,,,,,,,,,,,,,,,,,,,
,2015,18.070055,,,,,,,,,,,,,,,,,,,
,2016,16.983437,,,,,,,,,,,,,,,,,,,
,2017,18.596823,,,,,,,,,,,,,,,,,,,
,2018,17.219105,,,,,,,,,,,,,,,,,,,
,2019,20.94889,,,,,,,,,,,,,,,,,,,
,2020,21.476977,,,,,,,,,,,,,,,,,,,
,2021,25.8,,,,,,,,,,,,,,,,,,,
,2022,20.9,,,,,,,,,,,,,,,,,,,
,2023,19.1,,,,,,,,,,,,,,,,,,,
,2024,16.12,,,,,,,,,,,,,,,,,,,
,2025,14.78,,,,,,,,,,,,,,,,,,,
